{"template_style":"restaurant.main.less","custom_override":"-1","template_width":"1040","tablet_width":"1040","tablet_small_width":"840","mobile_width":"640","sidebar_position":"right","sidebar_width":"33.333333","sidebar_width_for_pages":"","rwd":"1","featured_image_height":"760","featured_image_fullhd":"720","featured_image_height_desktop":"600","featured_image_height_tablet":"520","featured_image_height_small_tablet":"440","featured_image_height_mobile":"360","frontpage_image_height":"880","frontpage_image_fullhd":"800","frontpage_image_height_desktop":"640","frontpage_image_height_tablet":"500","frontpage_image_height_small_tablet":"320","frontpage_image_height_mobile":"240","k2_author_page_header_image":"images\/demo\/blog_img.jpg","font_name_group1":"google;own;\/\/fonts.googleapis.com\/css?family=Open+Sans:300,400,500,700;Open Sans","font_rules_group1":"body,\r\nh1,h2,h3,h4,h5,h6\r\nbutton,\r\n.button,\r\n#gkLogo,\r\ninput[type=\"submit\"],\r\ninput[type=\"button\"],\r\nselect,\r\ntextarea,\r\ninput[type=\"text\"],\r\ninput[type=\"password\"],\r\ninput[type=\"url\"],\r\ninput[type=\"email\"],\r\n.box.border1 .header,\r\n.box.border2 .header,\r\n.box.newsletter .header,\r\n.one-page-layout h2,\r\n.one-page-layout h3,\r\narticle header h1,\r\narticle header h2,\r\n.category .itemView h2,\r\n.itemView h1,\r\n.itemComments h3,\r\ndl#tabs dt.tabs span h3, \r\ndl.tabs dt.tabs span h3,\r\n.pane-sliders .panel h3,\r\n#article-index h3,\r\n.contact-form .gkCols h3,\r\n.gk-menu .gkCols h3,\r\n.item-content h1,\r\n.item-content h2,\r\n.item-content h3,\r\n.item-content h4,\r\n.item-content h5,\r\n.item-content h6","font_name_group2":"standard;Georgia, \"Times New Roman\", Times, serif","font_rules_group2":"blockquote:before,\r\nblockquote p:after","font_name_group3":"standard;Verdana, Geneva, sans-serif","font_rules_group3":".blank","font_name_group4":"standard;Arial, Helvetica, sans-serif","font_rules_group4":".blank","logo_type":"text","logo_image":"","logo_text":"Quark","logo_slogan":"","print_logo":"","print_behaviour":"nothing","favicon_image":"","touch_image":"","copyrights":"&copy; 2014 GavickPro. All rights reserved. <br \/> Video used in the demo by Matt S (<a href=\"\/\/vimeo.com\/mattsfilms\" rel=\"nofollow\">vimeo.com\/mattsfilms<\/a>).Video released under <a href=\"http:\/\/creativecommons.org\/licenses\/by\/3.0\/\" rel=\"nofollow\">CC BY 3.0<\/a> license.","webmaster_contact_type":"email","webmaster_contact":"webmaster@gavick.com","google_analytics":"","google_analytics_type":"universal","display_mouse_icon":"0","suffix_override":"com_k2=com_k2\r\n426=dark-bg\r\n663=dark-bg\r\n640=frontpage dark-bg\r\n","show_menu":"1","menu_type":"off-canvas","menu_name":"mainmenu","startlevel":"0","endlevel":"-1","moduleid_override":"","menu_opacity":"1","menu_height":"1","menu_width":"0","menu_fixed":"1","menu_col_width":"200","menu_duration":"150","social_api_type":"2","popup_fb":"1","popup_twitter":"1","popup_gplus":"1","popup_pinterest":"1","popup_linkedin":"0","popup_vk":"0","fb_api_id":"","fb_lang":"en_US","fb_login":"0","fb_like":"1","fb_like_send":"0","fb_like_layout":"box_count","fb_like_show_faces":"true","fb_like_width":"400","fb_like_action":"like","fb_like_font":"arial","fb_like_colorscheme":"light","google_plus":"1","google_plus_count":"1","google_plus_size":"tall","google_plus_lang":"en-GB","google_plus_share":"0","google_plus_share_annotation":"none","google_plus_share_size":"24","tweet_btn":"1","tweet_btn_data_count":"vertical","tweet_btn_data_via":"","tweet_btn_data_lang":"en","pinterest_btn":"0","pinterest_btn_style":"horizontal","excluded_arts":"","excluded_cats":["7"],"cookie_consent":"0","consenttype":"explicit","cookie_latest_version":"1","cookie_use_ssl":"1","banner_position":"bottom","banner_tag_placement":"bottom-right","cookie_style":"light","refreshOnConsent":"0","cookiecss":"1","error_page_menu_item_id":"99999","recompile_css":"0","use_gk_cache":"0","css_cache":"0","css_compression":"0","css_override":"0","css_prefixer":"0","js_compression":"0","jscss_excluded":"scrollreveal.js","css_custom":"","mootools_core":"0","mootools_more":"0","jquery_noconflict":"0","bootstrap_js":"0","modal_js":"0","mootools_core_logged_in":"1","mootools_more_logged_in":"1","jquery_noconflict_logged_in":"1","bootstrap_js_logged_in":"1","modal_js_logged_in":"0","page_preloader":"1","page_preloader_img":"restaurant.gif","js_parallax":"1","js_scrollreveal":"1","js_photoswipe":"1","js_kalendae":"1"}